meter_id,zone,date,theft_label,supervised_probability,isolation_probability,blended_probability,predicted_theft
BSCM-000333,BTM Layout,2024-12-20,1,0.99843,0.12822,0.73737,1
BSCM-000282,Hebbal,2024-10-20,1,0.99407,0.13192,0.73542,1
BSCM-000441,Whitefield,2024-08-22,1,0.99855,0.11792,0.73436,1
BSCM-000182,Electronic City,2024-09-27,1,0.9985,0.11691,0.73402,1
BSCM-000456,Whitefield,2024-10-14,1,0.99414,0.12398,0.73309,1
BSCM-000174,Yelahanka,2024-11-14,1,0.99401,0.1241,0.73304,1
BSCM-000302,Rajajinagar,2024-10-10,1,0.99849,0.11135,0.73235,1
BSCM-000070,Whitefield,2024-08-21,1,0.99854,0.10457,0.73035,1
BSCM-000117,Indiranagar,2024-10-08,1,0.98891,0.12499,0.72974,1
BSCM-000018,Marathahalli,2024-11-23,1,0.9983,0.09918,0.72856,1
BSCM-000132,BTM Layout,2024-10-05,1,0.99398,0.10909,0.72851,1
BSCM-000376,BTM Layout,2024-12-05,1,0.99392,0.1087,0.72836,1
BSCM-000363,Jayanagar,2024-08-16,1,0.99838,0.09782,0.72821,1
BSCM-000406,Whitefield,2024-11-17,1,0.72749,0.72692,0.72732,1
BSCM-000025,Hebbal,2024-12-29,1,0.98509,0.12366,0.72666,1
BSCM-000335,Whitefield,2024-12-31,1,0.98537,0.12197,0.72635,1
BSCM-000353,Electronic City,2024-09-23,1,0.98936,0.10211,0.72318,1
BSCM-000334,Rajajinagar,2024-09-17,1,0.98815,0.10054,0.72187,1
BSCM-000272,Whitefield,2024-12-01,1,0.98506,0.10493,0.72102,1
BSCM-000490,Marathahalli,2024-08-20,1,0.91457,0.25843,0.71773,1
BSCM-000038,Whitefield,2024-09-22,1,0.96191,0.13922,0.71511,1
BSCM-000480,Marathahalli,2024-12-31,1,0.97543,0.1041,0.71403,1
BSCM-000472,Whitefield,2024-08-16,1,0.97424,0.09955,0.71183,1
BSCM-000018,Marathahalli,2024-09-12,1,0.97027,0.09977,0.70912,1
BSCM-000018,Marathahalli,2024-10-18,1,0.93961,0.16935,0.70853,1
BSCM-000321,Hebbal,2024-08-28,1,0.96543,0.09372,0.70392,1
BSCM-000087,Jayanagar,2024-11-07,1,0.90787,0.22767,0.70381,1
BSCM-000093,Indiranagar,2024-09-30,1,0.96635,0.08879,0.70308,1
BSCM-000263,Indiranagar,2024-08-21,1,0.9128,0.21117,0.70231,1
BSCM-000358,Indiranagar,2024-08-08,1,0.95723,0.09893,0.69974,1
BSCM-000429,Koramangala,2024-12-03,1,0.93996,0.1271,0.6961,1
BSCM-000223,Jayanagar,2024-11-04,1,0.93937,0.12245,0.69429,1
BSCM-000183,BTM Layout,2024-09-06,1,0.83996,0.35071,0.69318,1
BSCM-000105,Rajajinagar,2024-11-26,1,0.85482,0.31062,0.69156,1
BSCM-000410,Indiranagar,2024-12-14,1,0.92997,0.13417,0.69123,1
BSCM-000490,Marathahalli,2024-11-18,1,0.8022,0.43022,0.6906,1
BSCM-000030,Whitefield,2024-10-08,1,0.93662,0.11322,0.6896,1
BSCM-000027,Yelahanka,2024-09-17,1,0.93712,0.10981,0.68893,1
BSCM-000317,Whitefield,2024-11-24,1,0.94579,0.08702,0.68816,1
BSCM-000466,Koramangala,2024-12-09,1,0.93273,0.11649,0.68786,1
BSCM-000046,Hebbal,2024-11-14,1,0.91342,0.15491,0.68587,1
BSCM-000155,Jayanagar,2024-08-19,1,0.93438,0.09374,0.68218,1
BSCM-000407,Electronic City,2024-11-30,1,0.93535,0.08973,0.68166,1
BSCM-000302,Rajajinagar,2024-11-29,1,0.9168,0.13049,0.68091,1
BSCM-000083,Electronic City,2024-09-29,1,0.92307,0.10924,0.67892,1
BSCM-000455,Indiranagar,2024-10-04,1,0.9025,0.15232,0.67745,1
BSCM-000210,Yelahanka,2024-10-19,1,0.90948,0.13306,0.67655,1
BSCM-000357,Indiranagar,2024-08-11,1,0.93373,0.07456,0.67598,1
BSCM-000368,Rajajinagar,2024-12-13,1,0.85212,0.25973,0.6744,1
BSCM-000057,Whitefield,2024-09-17,1,0.91694,0.102,0.67246,1
BSCM-000439,Indiranagar,2024-10-10,1,0.90692,0.12188,0.67141,1
BSCM-000094,Marathahalli,2024-08-26,1,0.90703,0.11348,0.66897,1
BSCM-000438,Hebbal,2024-09-08,0,0.84116,0.26278,0.66764,1
BSCM-000069,Koramangala,2024-11-21,1,0.91695,0.08587,0.66763,1
BSCM-000093,Indiranagar,2024-09-06,1,0.89286,0.14103,0.66731,1
BSCM-000366,BTM Layout,2024-08-17,1,0.90442,0.11165,0.66659,1
BSCM-000020,Whitefield,2024-08-24,1,0.90355,0.10956,0.66535,1
BSCM-000336,Rajajinagar,2024-08-14,1,0.92301,0.06246,0.66484,1
BSCM-000409,Jayanagar,2024-12-17,1,0.79759,0.34959,0.66319,1
BSCM-000266,Marathahalli,2024-10-14,0,0.80073,0.33902,0.66222,1
BSCM-000221,Yelahanka,2024-09-20,0,0.78708,0.36805,0.66137,1
BSCM-000132,BTM Layout,2024-08-31,1,0.90295,0.09648,0.66101,1
BSCM-000058,Whitefield,2024-08-14,1,0.89673,0.10166,0.65821,1
BSCM-000492,Whitefield,2024-08-21,0,0.87323,0.15533,0.65786,1
BSCM-000279,Marathahalli,2024-12-20,1,0.88469,0.11641,0.6542,1
BSCM-000410,Indiranagar,2024-11-13,1,0.88119,0.11193,0.65041,1
BSCM-000040,Hebbal,2024-11-23,1,0.82634,0.23362,0.64852,1
BSCM-000325,Marathahalli,2024-08-18,1,0.88238,0.09934,0.64747,1
BSCM-000038,Whitefield,2024-11-17,1,0.88504,0.0724,0.64125,1
BSCM-000230,Koramangala,2024-11-07,0,0.77609,0.30688,0.63532,1
BSCM-000076,Hebbal,2024-10-25,1,0.84638,0.13467,0.63287,1
BSCM-000476,Rajajinagar,2024-09-23,0,0.83931,0.14978,0.63245,1
BSCM-000322,Indiranagar,2024-11-21,0,0.84159,0.14079,0.63135,1
BSCM-000291,Indiranagar,2024-08-19,1,0.84483,0.13266,0.63118,1
BSCM-000342,Hebbal,2024-09-20,0,0.83403,0.15762,0.6311,1
BSCM-000434,Yelahanka,2024-12-30,1,0.85858,0.09713,0.63014,1
BSCM-000232,Rajajinagar,2024-09-13,1,0.8513,0.107,0.62801,1
BSCM-000061,Indiranagar,2024-09-04,1,0.85535,0.09405,0.62696,1
BSCM-000323,Indiranagar,2024-10-19,1,0.8461,0.114,0.62647,1
BSCM-000415,BTM Layout,2024-12-15,1,0.84069,0.126,0.62628,1
BSCM-000362,Jayanagar,2024-12-06,0,0.82524,0.1604,0.62579,1
BSCM-000491,Indiranagar,2024-12-16,1,0.83101,0.13934,0.62351,1
BSCM-000024,Whitefield,2024-11-07,1,0.83673,0.12248,0.62245,1
BSCM-000266,Marathahalli,2024-09-11,1,0.82899,0.12801,0.6187,1
BSCM-000095,BTM Layout,2024-11-17,0,0.8036,0.18339,0.61754,1
BSCM-000454,Electronic City,2024-08-15,1,0.71242,0.3954,0.61732,1
BSCM-000132,BTM Layout,2024-10-25,1,0.8454,0.08362,0.61687,1
BSCM-000462,Jayanagar,2024-10-13,0,0.72691,0.35824,0.61631,1
BSCM-000239,Yelahanka,2024-08-15,0,0.81669,0.14614,0.61552,1
BSCM-000382,Rajajinagar,2024-12-12,0,0.84137,0.08209,0.61358,1
BSCM-000155,Jayanagar,2024-12-16,1,0.82903,0.10126,0.6107,1
BSCM-000266,Marathahalli,2024-11-16,1,0.80878,0.14175,0.60867,1
BSCM-000473,Koramangala,2024-11-05,1,0.81153,0.12414,0.60532,1
BSCM-000181,Marathahalli,2024-10-17,1,0.82202,0.09435,0.60372,1
BSCM-000407,Electronic City,2024-11-05,1,0.83443,0.06204,0.60271,1
BSCM-000392,Electronic City,2024-08-22,1,0.81476,0.10366,0.60143,1
BSCM-000451,Whitefield,2024-09-17,1,0.80372,0.12292,0.59948,1
BSCM-000212,Hebbal,2024-08-26,0,0.69876,0.36187,0.59769,1
BSCM-000463,Whitefield,2024-09-20,1,0.80324,0.11785,0.59762,1
BSCM-000456,Whitefield,2024-12-02,0,0.82273,0.06899,0.59661,1
BSCM-000115,Marathahalli,2024-11-26,0,0.71467,0.30793,0.59265,1
BSCM-000405,Yelahanka,2024-09-16,1,0.79847,0.10537,0.59054,1
BSCM-000484,Jayanagar,2024-12-25,1,0.79608,0.11068,0.59046,1
BSCM-000118,Rajajinagar,2024-12-01,1,0.80038,0.10038,0.59038,1
BSCM-000102,Whitefield,2024-10-13,1,0.74305,0.23227,0.58982,1
BSCM-000324,Jayanagar,2024-09-05,1,0.79451,0.11116,0.58951,1
BSCM-000323,Indiranagar,2024-12-03,1,0.73789,0.23923,0.58829,1
BSCM-000173,Jayanagar,2024-12-11,1,0.80623,0.0788,0.588,1
BSCM-000119,Indiranagar,2024-08-24,1,0.73498,0.23419,0.58474,1
BSCM-000409,Jayanagar,2024-10-27,1,0.73464,0.21705,0.57936,1
BSCM-000415,BTM Layout,2024-10-26,1,0.77725,0.10613,0.57591,1
BSCM-000210,Yelahanka,2024-11-13,0,0.77162,0.10321,0.5711,1
BSCM-000012,Yelahanka,2024-11-20,1,0.7687,0.10837,0.5706,1
BSCM-000358,Indiranagar,2024-09-02,1,0.74991,0.11653,0.5599,1
BSCM-000018,Marathahalli,2024-09-08,1,0.75949,0.09147,0.55908,1
BSCM-000010,Jayanagar,2024-09-19,0,0.70287,0.21384,0.55616,1
BSCM-000194,Electronic City,2024-08-10,1,0.69961,0.21659,0.5547,1
BSCM-000012,Yelahanka,2024-12-18,1,0.75698,0.08203,0.5545,1
BSCM-000432,Electronic City,2024-11-21,1,0.72894,0.1273,0.54845,1
BSCM-000125,Koramangala,2024-11-01,0,0.74001,0.09494,0.54649,1
BSCM-000490,Marathahalli,2024-09-01,0,0.4947,0.66442,0.54561,1
BSCM-000145,Yelahanka,2024-11-02,1,0.739,0.09074,0.54453,1
BSCM-000169,Koramangala,2024-09-29,1,0.71851,0.13457,0.54333,1
BSCM-000078,Koramangala,2024-09-10,1,0.72831,0.111,0.54311,1
BSCM-000330,Marathahalli,2024-09-06,1,0.72242,0.09892,0.53537,1
BSCM-000382,Rajajinagar,2024-08-24,0,0.70706,0.13287,0.5348,1
BSCM-000169,Koramangala,2024-10-11,0,0.70787,0.12798,0.5339,1
BSCM-000064,BTM Layout,2024-09-11,1,0.72034,0.0945,0.53259,1
BSCM-000278,Electronic City,2024-12-17,0,0.61682,0.33464,0.53217,1
BSCM-000204,Rajajinagar,2024-11-04,0,0.49637,0.6108,0.53069,1
BSCM-000382,Rajajinagar,2024-12-25,0,0.69548,0.13259,0.52661,1
BSCM-000473,Koramangala,2024-08-23,0,0.71651,0.08001,0.52556,1
BSCM-000230,Koramangala,2024-10-05,1,0.71068,0.09163,0.52496,1
BSCM-000078,Koramangala,2024-12-12,0,0.71624,0.07693,0.52445,1
BSCM-000010,Jayanagar,2024-11-25,1,0.69776,0.11455,0.5228,1
BSCM-000281,Whitefield,2024-12-10,0,0.59189,0.36122,0.52269,1
BSCM-000186,Rajajinagar,2024-09-25,1,0.70066,0.10601,0.52227,1
BSCM-000254,Whitefield,2024-12-06,1,0.69996,0.10459,0.52135,1
BSCM-000204,Rajajinagar,2024-10-21,0,0.53701,0.47426,0.51818,1
BSCM-000076,Hebbal,2024-11-13,0,0.66313,0.12966,0.50309,1
BSCM-000452,Rajajinagar,2024-09-15,1,0.61304,0.2351,0.49966,0
BSCM-000385,Indiranagar,2024-10-20,1,0.66775,0.10124,0.4978,0
BSCM-000376,BTM Layout,2024-12-24,0,0.66835,0.09607,0.49666,0
BSCM-000031,Koramangala,2024-12-07,1,0.65676,0.11139,0.49315,0
BSCM-000085,Koramangala,2024-11-02,1,0.65618,0.10153,0.48978,0
BSCM-000465,Jayanagar,2024-08-18,0,0.65664,0.09774,0.48897,0
BSCM-000146,Yelahanka,2024-10-30,0,0.60115,0.22544,0.48844,0
BSCM-000095,BTM Layout,2024-09-15,0,0.63806,0.13685,0.48769,0
BSCM-000342,Hebbal,2024-12-06,0,0.65991,0.08026,0.48601,0
BSCM-000176,Hebbal,2024-12-01,0,0.65511,0.08867,0.48518,0
BSCM-000182,Electronic City,2024-11-04,0,0.65177,0.08453,0.4816,0
BSCM-000332,Indiranagar,2024-12-17,0,0.62846,0.11449,0.47427,0
BSCM-000012,Yelahanka,2024-09-22,0,0.63054,0.10295,0.47226,0
BSCM-000186,Rajajinagar,2024-12-21,1,0.62794,0.10858,0.47213,0
BSCM-000491,Indiranagar,2024-08-20,0,0.62439,0.1121,0.4707,0
BSCM-000221,Yelahanka,2024-12-25,1,0.62443,0.11051,0.47025,0
BSCM-000194,Electronic City,2024-08-18,0,0.58257,0.20786,0.47016,0
BSCM-000003,Yelahanka,2024-11-25,0,0.62078,0.11628,0.46943,0
BSCM-000418,Hebbal,2024-12-07,0,0.62222,0.11119,0.46891,0
BSCM-000158,Electronic City,2024-12-26,0,0.59856,0.14671,0.463,0
BSCM-000438,Hebbal,2024-10-27,0,0.58745,0.16964,0.46211,0
BSCM-000362,Jayanagar,2024-10-01,0,0.60388,0.11615,0.45756,0
BSCM-000210,Yelahanka,2024-11-01,0,0.59935,0.10849,0.4521,0
BSCM-000278,Electronic City,2024-12-02,1,0.528,0.27468,0.45201,0
BSCM-000357,Indiranagar,2024-12-18,0,0.59699,0.11371,0.452,0
BSCM-000017,Hebbal,2024-11-12,0,0.60252,0.09361,0.44985,0
BSCM-000221,Yelahanka,2024-11-28,1,0.5736,0.15704,0.44863,0
BSCM-000439,Indiranagar,2024-08-12,1,0.58513,0.12097,0.44588,0
BSCM-000266,Marathahalli,2024-12-13,0,0.51032,0.29144,0.44466,0
BSCM-000454,Electronic City,2024-12-16,0,0.44446,0.43891,0.44279,0
BSCM-000034,Whitefield,2024-10-23,0,0.27434,0.83173,0.44155,0
BSCM-000076,Hebbal,2024-11-03,0,0.51816,0.26253,0.44147,0
BSCM-000325,Marathahalli,2024-11-11,0,0.58224,0.10115,0.43792,0
BSCM-000418,Hebbal,2024-09-24,0,0.56605,0.11527,0.43082,0
BSCM-000169,Koramangala,2024-10-30,0,0.59008,0.05814,0.4305,0
BSCM-000269,Indiranagar,2024-12-05,0,0.56098,0.11189,0.42625,0
BSCM-000040,Hebbal,2024-12-27,0,0.55626,0.11486,0.42384,0
BSCM-000071,Electronic City,2024-09-16,0,0.52238,0.19143,0.42309,0
BSCM-000003,Yelahanka,2024-08-26,0,0.54978,0.12186,0.42141,0
BSCM-000321,Hebbal,2024-09-26,0,0.56767,0.0579,0.41474,0
BSCM-000186,Rajajinagar,2024-10-09,0,0.54847,0.10256,0.4147,0
BSCM-000250,Rajajinagar,2024-12-29,0,0.29943,0.65988,0.40756,0
BSCM-000395,Yelahanka,2024-10-14,0,0.54203,0.09152,0.40687,0
BSCM-000401,BTM Layout,2024-10-03,0,0.54224,0.09098,0.40686,0
BSCM-000232,Rajajinagar,2024-08-16,0,0.52787,0.12145,0.40594,0
BSCM-000156,Rajajinagar,2024-09-07,0,0.55229,0.05584,0.40335,0
BSCM-000073,Yelahanka,2024-11-26,0,0.54225,0.07914,0.40332,0
BSCM-000038,Whitefield,2024-11-24,0,0.50322,0.16053,0.40041,0
BSCM-000154,Whitefield,2024-12-23,0,0.47255,0.22457,0.39816,0
BSCM-000070,Whitefield,2024-09-09,0,0.47739,0.19999,0.39417,0
BSCM-000093,Indiranagar,2024-11-30,0,0.46669,0.21807,0.3921,0
BSCM-000087,Jayanagar,2024-09-15,1,0.49806,0.13044,0.38777,0
BSCM-000025,Hebbal,2024-11-13,0,0.50387,0.11296,0.38659,0
BSCM-000069,Koramangala,2024-11-13,0,0.52391,0.05599,0.38353,0
BSCM-000043,Hebbal,2024-09-21,0,0.51107,0.07383,0.3799,0
BSCM-000078,Koramangala,2024-12-15,0,0.43688,0.23879,0.37745,0
BSCM-000353,Electronic City,2024-10-19,0,0.45436,0.18928,0.37484,0
BSCM-000111,Koramangala,2024-08-23,0,0.47139,0.13494,0.37045,0
BSCM-000498,Indiranagar,2024-12-06,0,0.487,0.08098,0.36519,0
BSCM-000115,Marathahalli,2024-09-18,1,0.46506,0.12899,0.36424,0
BSCM-000174,Yelahanka,2024-12-22,0,0.47619,0.10188,0.3639,0
BSCM-000418,Hebbal,2024-10-21,0,0.48824,0.06391,0.36094,0
BSCM-000221,Yelahanka,2024-12-06,0,0.42032,0.206,0.35602,0
BSCM-000438,Hebbal,2024-10-17,0,0.42452,0.19103,0.35447,0
BSCM-000040,Hebbal,2024-11-25,1,0.45426,0.09712,0.34712,0
BSCM-000077,Hebbal,2024-09-29,0,0.29977,0.44109,0.34217,0
BSCM-000071,Electronic City,2024-10-29,0,0.38527,0.23785,0.34104,0
BSCM-000205,BTM Layout,2024-09-28,0,0.35838,0.29731,0.34006,0
BSCM-000146,Yelahanka,2024-09-17,0,0.40863,0.16912,0.33678,0
BSCM-000040,Hebbal,2024-08-11,0,0.41487,0.14675,0.33443,0
BSCM-000266,Marathahalli,2024-10-13,0,0.33662,0.32075,0.33186,0
BSCM-000334,Rajajinagar,2024-10-04,0,0.42553,0.09746,0.32711,0
BSCM-000441,Whitefield,2024-12-07,0,0.42025,0.10755,0.32644,0
BSCM-000462,Jayanagar,2024-10-02,0,0.37576,0.21132,0.32643,0
BSCM-000273,Hebbal,2024-10-12,0,0.22044,0.57244,0.32604,0
BSCM-000324,Jayanagar,2024-10-22,0,0.39811,0.1335,0.31873,0
BSCM-000370,Indiranagar,2024-09-27,0,0.40325,0.1077,0.31458,0
BSCM-000462,Jayanagar,2024-10-19,0,0.32646,0.28049,0.31267,0
BSCM-000003,Yelahanka,2024-11-23,0,0.39264,0.11831,0.31034,0
BSCM-000149,Whitefield,2024-12-28,0,0.35997,0.19206,0.3096,0
BSCM-000432,Electronic City,2024-08-29,0,0.32325,0.27654,0.30924,0
BSCM-000183,BTM Layout,2024-09-02,0,0.07834,0.84123,0.30721,0
BSCM-000463,Whitefield,2024-09-02,0,0.33309,0.23544,0.30379,0
BSCM-000250,Rajajinagar,2024-08-11,0,0.00385,1.0,0.30269,0
BSCM-000262,Koramangala,2024-11-22,1,0.35355,0.17362,0.29957,0
BSCM-000434,Yelahanka,2024-10-22,0,0.38722,0.09366,0.29915,0
BSCM-000109,Electronic City,2024-12-01,0,0.37629,0.10873,0.29602,0
BSCM-000248,Rajajinagar,2024-10-27,0,0.33845,0.18404,0.29213,0
BSCM-000490,Marathahalli,2024-10-16,0,0.05659,0.83996,0.2916,0
BSCM-000490,Marathahalli,2024-11-29,0,0.07775,0.77674,0.28745,0
BSCM-000480,Marathahalli,2024-12-16,0,0.33389,0.17744,0.28695,0
BSCM-000008,Electronic City,2024-11-21,0,0.04335,0.85346,0.28638,0
BSCM-000008,Electronic City,2024-11-30,0,0.04305,0.85213,0.28578,0
BSCM-000494,Marathahalli,2024-12-27,0,0.33,0.17799,0.28439,0
BSCM-000480,Marathahalli,2024-12-27,0,0.32807,0.17392,0.28183,0
BSCM-000323,Indiranagar,2024-12-22,0,0.28699,0.26619,0.28075,0
BSCM-000040,Hebbal,2024-11-30,0,0.32934,0.1632,0.2795,0
BSCM-000155,Jayanagar,2024-12-06,0,0.31957,0.18028,0.27778,0
BSCM-000313,Whitefield,2024-11-09,0,0.33942,0.11911,0.27333,0
BSCM-000486,Whitefield,2024-08-17,0,0.15742,0.54325,0.27317,0
BSCM-000325,Marathahalli,2024-12-07,0,0.34403,0.10578,0.27255,0
BSCM-000250,Rajajinagar,2024-12-24,0,0.00759,0.88785,0.27167,0
BSCM-000183,BTM Layout,2024-09-29,0,0.02256,0.85259,0.27157,0
BSCM-000337,Marathahalli,2024-08-12,0,0.00025,0.90245,0.27091,0
BSCM-000034,Whitefield,2024-11-14,0,0.01153,0.87544,0.27071,0
BSCM-000008,Electronic City,2024-11-22,0,0.10094,0.65626,0.26754,0
BSCM-000250,Rajajinagar,2024-12-06,0,0.00447,0.87748,0.26637,0
BSCM-000452,Rajajinagar,2024-12-19,0,0.26996,0.25757,0.26624,0
BSCM-000291,Indiranagar,2024-12-09,0,0.30123,0.18116,0.26521,0
BSCM-000455,Indiranagar,2024-12-23,0,0.32236,0.13144,0.26509,0
BSCM-000337,Marathahalli,2024-09-06,0,0.00564,0.8658,0.26368,0
BSCM-000004,Whitefield,2024-11-28,0,0.25618,0.27785,0.26268,0
BSCM-000337,Marathahalli,2024-08-07,0,0.00815,0.85624,0.26258,0
BSCM-000248,Rajajinagar,2024-12-05,0,0.27512,0.23218,0.26223,0
BSCM-000118,Rajajinagar,2024-10-07,0,0.33793,0.08478,0.26199,0
BSCM-000070,Whitefield,2024-10-05,0,0.35579,0.04192,0.26163,0
BSCM-000337,Marathahalli,2024-10-24,0,0.01198,0.84263,0.26117,0
BSCM-000138,Yelahanka,2024-09-25,0,0.23046,0.33065,0.26052,0
BSCM-000183,BTM Layout,2024-09-17,0,0.01031,0.84425,0.26049,0
BSCM-000282,Hebbal,2024-10-07,0,0.29197,0.18626,0.26026,0
BSCM-000031,Koramangala,2024-11-14,0,0.22152,0.34518,0.25861,0
BSCM-000008,Electronic City,2024-10-12,0,0.02179,0.81015,0.2583,0
BSCM-000026,BTM Layout,2024-12-28,0,0.25957,0.25066,0.2569,0
BSCM-000337,Marathahalli,2024-10-04,0,0.01902,0.80289,0.25418,0
BSCM-000250,Rajajinagar,2024-12-05,0,0.00836,0.82667,0.25386,0
BSCM-000250,Rajajinagar,2024-09-29,0,0.00468,0.83342,0.2533,0
BSCM-000250,Rajajinagar,2024-09-19,0,0.00426,0.83118,0.25234,0
BSCM-000119,Indiranagar,2024-11-11,0,0.01655,0.80144,0.25202,0
BSCM-000008,Electronic City,2024-08-26,0,0.00726,0.82013,0.25112,0
BSCM-000302,Rajajinagar,2024-10-27,0,0.27596,0.19044,0.25031,0
BSCM-000026,BTM Layout,2024-11-05,0,0.23592,0.28141,0.24957,0
BSCM-000008,Electronic City,2024-09-06,0,0.01595,0.79274,0.24899,0
BSCM-000183,BTM Layout,2024-11-12,0,0.02704,0.76652,0.24888,0
BSCM-000332,Indiranagar,2024-12-20,0,0.20088,0.36054,0.24878,0
BSCM-000471,Electronic City,2024-09-11,0,0.27576,0.18085,0.24729,0
BSCM-000250,Rajajinagar,2024-08-17,0,0.01554,0.78786,0.24724,0
BSCM-000221,Yelahanka,2024-09-16,0,0.21736,0.31278,0.24598,0
BSCM-000183,BTM Layout,2024-08-18,0,0.00809,0.79819,0.24512,0
BSCM-000486,Whitefield,2024-08-25,0,0.05016,0.69753,0.24437,0
BSCM-000250,Rajajinagar,2024-11-03,0,0.01478,0.77863,0.24394,0
BSCM-000335,Whitefield,2024-12-11,1,0.31994,0.06273,0.24278,0
BSCM-000034,Whitefield,2024-09-18,0,0.00194,0.80305,0.24227,0
BSCM-000250,Rajajinagar,2024-12-12,0,0.00076,0.80164,0.24103,0
BSCM-000337,Marathahalli,2024-08-11,0,0.0115,0.77625,0.24092,0
BSCM-000337,Marathahalli,2024-08-18,0,0.00718,0.78331,0.24002,0
BSCM-000250,Rajajinagar,2024-10-07,0,0.00136,0.79588,0.23972,0
BSCM-000008,Electronic City,2024-12-17,0,0.01181,0.77133,0.23966,0
BSCM-000026,BTM Layout,2024-10-05,0,0.2256,0.27109,0.23925,0
BSCM-000250,Rajajinagar,2024-11-10,0,0.00381,0.78785,0.23902,0
BSCM-000008,Electronic City,2024-08-31,0,0.01864,0.7425,0.2358,0
BSCM-000378,Koramangala,2024-09-19,0,0.26095,0.17362,0.23475,0
BSCM-000010,Jayanagar,2024-11-10,0,0.20945,0.28717,0.23277,0
BSCM-000491,Indiranagar,2024-11-04,0,0.26223,0.16387,0.23272,0
BSCM-000250,Rajajinagar,2024-08-29,0,0.00695,0.75848,0.23241,0
BSCM-000183,BTM Layout,2024-08-09,0,0.00861,0.75216,0.23167,0
BSCM-000119,Indiranagar,2024-11-27,0,0.0209,0.7217,0.23114,0
BSCM-000337,Marathahalli,2024-12-09,0,0.00779,0.75022,0.23052,0
BSCM-000250,Rajajinagar,2024-10-31,0,0.00434,0.75785,0.2304,0
BSCM-000416,Rajajinagar,2024-11-14,0,0.27293,0.1305,0.2302,0
BSCM-000250,Rajajinagar,2024-09-07,0,0.0091,0.74577,0.2301,0
BSCM-000406,Whitefield,2024-12-02,0,0.01778,0.72288,0.22931,0
BSCM-000004,Whitefield,2024-11-27,0,0.23401,0.21788,0.22917,0
BSCM-000064,BTM Layout,2024-08-12,0,0.24621,0.18894,0.22903,0
BSCM-000008,Electronic City,2024-10-23,0,0.02078,0.71422,0.22882,0
BSCM-000406,Whitefield,2024-08-29,0,0.00217,0.75755,0.22878,0
BSCM-000034,Whitefield,2024-10-04,0,0.0224,0.71013,0.22872,0
BSCM-000250,Rajajinagar,2024-08-14,0,0.00505,0.74506,0.22705,0
BSCM-000034,Whitefield,2024-12-02,0,0.00122,0.7539,0.22703,0
BSCM-000281,Whitefield,2024-10-15,0,0.11418,0.48953,0.22678,0
BSCM-000337,Marathahalli,2024-11-03,0,0.02591,0.69257,0.22591,0
BSCM-000438,Hebbal,2024-10-09,0,0.21483,0.25088,0.22564,0
BSCM-000204,Rajajinagar,2024-10-31,0,0.0332,0.67397,0.22543,0
BSCM-000008,Electronic City,2024-09-28,0,0.01082,0.72613,0.22541,0
BSCM-000321,Hebbal,2024-11-07,0,0.27919,0.09983,0.22538,0
BSCM-000273,Hebbal,2024-10-11,0,0.02863,0.68251,0.22479,0
BSCM-000012,Yelahanka,2024-09-04,0,0.25599,0.14979,0.22413,0
BSCM-000273,Hebbal,2024-09-22,0,0.05085,0.62474,0.22301,0
BSCM-000034,Whitefield,2024-12-27,0,0.01421,0.70767,0.22225,0
BSCM-000498,Indiranagar,2024-09-18,0,0.26324,0.12662,0.22225,0
BSCM-000250,Rajajinagar,2024-08-19,0,0.00913,0.71825,0.22187,0
BSCM-000008,Electronic City,2024-12-11,0,0.01828,0.69612,0.22163,0
BSCM-000273,Hebbal,2024-10-27,0,0.02401,0.68274,0.22163,0
BSCM-000195,Koramangala,2024-11-13,0,0.23885,0.18132,0.22159,0
BSCM-000250,Rajajinagar,2024-09-06,0,0.00938,0.71491,0.22104,0
BSCM-000008,Electronic City,2024-08-17,0,0.01013,0.71189,0.22066,0
BSCM-000034,Whitefield,2024-12-25,0,0.0075,0.71774,0.22057,0
BSCM-000406,Whitefield,2024-10-18,0,0.01352,0.70208,0.22009,0
BSCM-000337,Marathahalli,2024-11-11,0,0.00351,0.72452,0.21981,0
BSCM-000337,Marathahalli,2024-10-18,0,0.01527,0.69585,0.21945,0
BSCM-000337,Marathahalli,2024-10-30,0,0.00713,0.71431,0.21929,0
BSCM-000183,BTM Layout,2024-08-13,0,0.01093,0.70179,0.21819,0
BSCM-000486,Whitefield,2024-12-22,0,0.08883,0.51973,0.2181,0
BSCM-000183,BTM Layout,2024-09-08,0,0.00583,0.71309,0.21801,0
BSCM-000183,BTM Layout,2024-10-29,0,0.00525,0.71307,0.21759,0
BSCM-000056,Rajajinagar,2024-10-21,0,0.03947,0.63256,0.2174,0
BSCM-000047,Hebbal,2024-09-08,0,0.26256,0.11078,0.21703,0
BSCM-000023,Koramangala,2024-08-18,0,0.23036,0.1849,0.21672,0
BSCM-000313,Whitefield,2024-09-22,0,0.22331,0.19924,0.21609,0
BSCM-000008,Electronic City,2024-12-08,0,0.00727,0.70311,0.21602,0
BSCM-000250,Rajajinagar,2024-11-18,0,0.00758,0.7007,0.21552,0
BSCM-000183,BTM Layout,2024-12-17,0,0.01154,0.68854,0.21464,0
BSCM-000056,Rajajinagar,2024-10-16,0,0.01101,0.68953,0.21456,0
BSCM-000424,BTM Layout,2024-08-07,0,0.27377,0.07545,0.21427,0
BSCM-000406,Whitefield,2024-12-05,0,0.02127,0.66353,0.21395,0
BSCM-000250,Rajajinagar,2024-08-31,0,0.01117,0.6868,0.21386,0
BSCM-000119,Indiranagar,2024-08-30,0,0.02468,0.65479,0.21371,0
BSCM-000250,Rajajinagar,2024-08-12,0,0.00418,0.70219,0.21358,0
BSCM-000204,Rajajinagar,2024-12-11,0,0.01936,0.6664,0.21347,0
BSCM-000337,Marathahalli,2024-08-31,0,0.004,0.6979,0.21217,0
BSCM-000337,Marathahalli,2024-09-02,0,0.0148,0.67022,0.21142,0
BSCM-000281,Whitefield,2024-10-09,0,0.03664,0.61918,0.2114,0
BSCM-000056,Rajajinagar,2024-10-11,0,0.02136,0.65017,0.21,0
BSCM-000183,BTM Layout,2024-12-04,0,0.00326,0.6881,0.20871,0
BSCM-000119,Indiranagar,2024-09-29,0,0.02304,0.63691,0.2072,0
BSCM-000406,Whitefield,2024-09-05,0,0.01871,0.64691,0.20717,0
BSCM-000478,Indiranagar,2024-09-02,0,0.22265,0.17076,0.20708,0
BSCM-000183,BTM Layout,2024-11-21,0,0.00973,0.66695,0.20689,0
BSCM-000490,Marathahalli,2024-12-31,0,0.03743,0.59987,0.20616,0
BSCM-000008,Electronic City,2024-11-28,0,0.01184,0.65878,0.20592,0
BSCM-000281,Whitefield,2024-10-19,0,0.04904,0.57174,0.20585,0
BSCM-000490,Marathahalli,2024-12-04,0,0.00864,0.6646,0.20543,0
BSCM-000183,BTM Layout,2024-12-07,0,0.00196,0.67836,0.20488,0
BSCM-000008,Electronic City,2024-09-11,0,0.00755,0.66072,0.2035,0
BSCM-000281,Whitefield,2024-12-29,0,0.02252,0.62398,0.20296,0
BSCM-000406,Whitefield,2024-08-31,0,0.01117,0.64925,0.20259,0
BSCM-000337,Marathahalli,2024-11-07,0,0.0072,0.65722,0.20221,0
BSCM-000056,Rajajinagar,2024-09-27,0,0.00723,0.6558,0.2018,0
BSCM-000337,Marathahalli,2024-08-16,0,0.00494,0.66006,0.20147,0
BSCM-000183,BTM Layout,2024-11-20,0,0.00814,0.65243,0.20143,0
BSCM-000085,Koramangala,2024-09-27,0,0.23859,0.11324,0.20099,0
BSCM-000406,Whitefield,2024-09-21,0,0.00787,0.65072,0.20073,0
BSCM-000008,Electronic City,2024-08-13,0,0.01601,0.63088,0.20047,0
BSCM-000074,Whitefield,2024-09-11,0,0.05791,0.53248,0.20028,0
BSCM-000008,Electronic City,2024-08-21,0,0.00644,0.6517,0.20002,0
BSCM-000034,Whitefield,2024-11-17,0,0.0055,0.65343,0.19988,0
BSCM-000490,Marathahalli,2024-11-30,0,0.03249,0.59033,0.19984,0
BSCM-000406,Whitefield,2024-08-16,0,0.02737,0.59966,0.19906,0
BSCM-000250,Rajajinagar,2024-11-04,0,0.00244,0.6569,0.19878,0
BSCM-000281,Whitefield,2024-11-15,0,0.02499,0.60119,0.19785,0
BSCM-000250,Rajajinagar,2024-09-01,0,0.00394,0.64953,0.19762,0
BSCM-000056,Rajajinagar,2024-10-13,0,0.02206,0.60713,0.19758,0
BSCM-000273,Hebbal,2024-10-18,0,0.01916,0.61287,0.19727,0
BSCM-000034,Whitefield,2024-10-17,0,0.00667,0.64118,0.19702,0
BSCM-000406,Whitefield,2024-10-27,0,0.02973,0.58686,0.19687,0
BSCM-000204,Rajajinagar,2024-09-20,0,0.02547,0.59653,0.19679,0
BSCM-000486,Whitefield,2024-11-16,0,0.03349,0.57748,0.19669,0
BSCM-000406,Whitefield,2024-12-10,0,0.01322,0.62346,0.19629,0
BSCM-000451,Whitefield,2024-10-28,0,0.08518,0.45397,0.19582,0
BSCM-000133,Electronic City,2024-12-22,0,0.20558,0.17271,0.19572,0
BSCM-000183,BTM Layout,2024-08-22,0,0.00969,0.6298,0.19572,0
BSCM-000056,Rajajinagar,2024-09-18,0,0.0082,0.6327,0.19555,0
BSCM-000105,Rajajinagar,2024-09-06,0,0.01964,0.60526,0.19533,0
BSCM-000034,Whitefield,2024-08-28,0,0.00349,0.64041,0.19457,0
BSCM-000034,Whitefield,2024-10-21,0,0.00425,0.63794,0.19436,0
BSCM-000337,Marathahalli,2024-10-16,0,0.0072,0.62939,0.19386,0
BSCM-000439,Indiranagar,2024-11-13,0,0.17537,0.23557,0.19343,0
BSCM-000008,Electronic City,2024-12-06,0,0.00392,0.63546,0.19338,0
BSCM-000138,Yelahanka,2024-10-13,0,0.14021,0.31654,0.19311,0
BSCM-000250,Rajajinagar,2024-10-01,0,0.00445,0.63173,0.19263,0
BSCM-000250,Rajajinagar,2024-09-15,0,0.00168,0.63664,0.19217,0
BSCM-000183,BTM Layout,2024-10-19,0,0.00392,0.63137,0.19215,0
BSCM-000034,Whitefield,2024-10-25,0,0.02065,0.59031,0.19155,0
BSCM-000337,Marathahalli,2024-12-16,0,0.00115,0.63397,0.191,0
BSCM-000183,BTM Layout,2024-11-28,0,0.00593,0.62119,0.19051,0
BSCM-000034,Whitefield,2024-12-22,0,0.01594,0.59749,0.1904,0
BSCM-000077,Hebbal,2024-08-08,0,0.10619,0.38487,0.18979,0
BSCM-000079,Jayanagar,2024-12-12,0,0.23498,0.08422,0.18976,0
BSCM-000490,Marathahalli,2024-08-06,0,0.01829,0.5897,0.18972,0
BSCM-000204,Rajajinagar,2024-11-05,0,0.0241,0.57612,0.18971,0
BSCM-000486,Whitefield,2024-10-10,0,0.04047,0.53729,0.18951,0
BSCM-000406,Whitefield,2024-08-25,0,0.0042,0.62152,0.1894,0
BSCM-000193,Rajajinagar,2024-11-29,0,0.1231,0.34372,0.18928,0
BSCM-000105,Rajajinagar,2024-11-30,0,0.02551,0.56938,0.18867,0
BSCM-000204,Rajajinagar,2024-08-22,0,0.03059,0.55739,0.18863,0
BSCM-000273,Hebbal,2024-09-20,0,0.03179,0.55427,0.18853,0
BSCM-000490,Marathahalli,2024-10-11,0,0.02877,0.56095,0.18842,0
BSCM-000119,Indiranagar,2024-11-09,0,0.017,0.58773,0.18822,0
BSCM-000250,Rajajinagar,2024-09-14,0,0.00149,0.62366,0.18814,0
BSCM-000105,Rajajinagar,2024-12-05,0,0.08205,0.43565,0.18813,0
BSCM-000056,Rajajinagar,2024-09-11,0,0.00338,0.61877,0.188,0
BSCM-000250,Rajajinagar,2024-12-03,0,0.00436,0.6164,0.18798,0
BSCM-000034,Whitefield,2024-10-13,0,0.01512,0.59045,0.18772,0
BSCM-000409,Jayanagar,2024-10-06,0,0.05117,0.50581,0.18756,0
BSCM-000034,Whitefield,2024-10-18,0,0.00859,0.60414,0.18726,0
BSCM-000406,Whitefield,2024-10-07,0,0.03096,0.55142,0.18709,0
BSCM-000034,Whitefield,2024-10-15,0,0.00345,0.61507,0.18693,0
BSCM-000385,Indiranagar,2024-11-24,0,0.12957,0.31918,0.18645,0
BSCM-000056,Rajajinagar,2024-11-24,0,0.01237,0.59236,0.18636,0
BSCM-000183,BTM Layout,2024-09-24,0,0.009,0.59949,0.18615,0
BSCM-000056,Rajajinagar,2024-11-10,0,0.00724,0.60307,0.18599,0
BSCM-000117,Indiranagar,2024-09-11,0,0.10416,0.37591,0.18568,0
BSCM-000204,Rajajinagar,2024-11-13,0,0.04179,0.52116,0.1856,0
BSCM-000119,Indiranagar,2024-11-08,0,0.02977,0.5488,0.18548,0
BSCM-000406,Whitefield,2024-10-12,0,0.02223,0.56607,0.18538,0
BSCM-000056,Rajajinagar,2024-08-27,0,0.01275,0.58811,0.18535,0
BSCM-000204,Rajajinagar,2024-11-10,0,0.0247,0.55986,0.18525,0
BSCM-000281,Whitefield,2024-09-26,0,0.01507,0.58196,0.18514,0
BSCM-000056,Rajajinagar,2024-12-19,0,0.01969,0.5705,0.18493,0
BSCM-000281,Whitefield,2024-10-21,0,0.01885,0.57202,0.1848,0
BSCM-000008,Electronic City,2024-12-18,0,0.01878,0.5701,0.18417,0
BSCM-000177,BTM Layout,2024-08-09,0,0.13026,0.30943,0.18401,0
BSCM-000490,Marathahalli,2024-11-16,0,0.01956,0.56713,0.18383,0
BSCM-000281,Whitefield,2024-08-14,0,0.01787,0.57058,0.18368,0
BSCM-000085,Koramangala,2024-12-23,0,0.19718,0.15203,0.18364,0
BSCM-000389,Whitefield,2024-11-07,0,0.03096,0.53967,0.18357,0
BSCM-000406,Whitefield,2024-09-13,0,0.02467,0.55366,0.18337,0
BSCM-000056,Rajajinagar,2024-09-03,0,0.00383,0.60135,0.18309,0
BSCM-000484,Jayanagar,2024-10-09,0,0.1338,0.29689,0.18273,0
BSCM-000119,Indiranagar,2024-10-07,0,0.01816,0.56609,0.18254,0
BSCM-000119,Indiranagar,2024-09-08,0,0.01544,0.57201,0.18241,0
BSCM-000105,Rajajinagar,2024-09-19,0,0.0445,0.50241,0.18187,0
BSCM-000008,Electronic City,2024-08-28,0,0.00717,0.58914,0.18176,0
BSCM-000490,Marathahalli,2024-12-13,0,0.02547,0.54434,0.18113,0
BSCM-000034,Whitefield,2024-08-18,0,0.00695,0.58745,0.1811,0
BSCM-000105,Rajajinagar,2024-10-08,0,0.05959,0.46451,0.18107,0
BSCM-000337,Marathahalli,2024-08-17,0,0.00537,0.5908,0.181,0
BSCM-000250,Rajajinagar,2024-12-07,0,0.017,0.56331,0.1809,0
BSCM-000056,Rajajinagar,2024-11-01,0,0.02231,0.55064,0.18081,0
BSCM-000278,Electronic City,2024-08-22,0,0.14175,0.27155,0.18069,0
BSCM-000008,Electronic City,2024-10-26,0,0.00586,0.58799,0.1805,0
BSCM-000046,Hebbal,2024-08-12,0,0.06958,0.43876,0.18033,0
BSCM-000183,BTM Layout,2024-09-07,0,0.00328,0.59335,0.1803,0
BSCM-000281,Whitefield,2024-10-17,0,0.01377,0.56697,0.17973,0
BSCM-000204,Rajajinagar,2024-12-17,0,0.02655,0.53672,0.1796,0
BSCM-000250,Rajajinagar,2024-08-22,0,0.00174,0.59398,0.17941,0
BSCM-000486,Whitefield,2024-12-31,0,0.02287,0.54445,0.17935,0
BSCM-000056,Rajajinagar,2024-08-14,0,0.01507,0.5621,0.17918,0
BSCM-000486,Whitefield,2024-09-19,0,0.02529,0.53769,0.17901,0
BSCM-000030,Whitefield,2024-11-04,0,0.18305,0.16913,0.17887,0
BSCM-000434,Yelahanka,2024-09-24,0,0.20166,0.12558,0.17884,0
BSCM-000204,Rajajinagar,2024-08-21,0,0.02452,0.5372,0.17833,0
BSCM-000071,Electronic City,2024-10-20,0,0.16568,0.20771,0.17829,0
BSCM-000193,Rajajinagar,2024-10-10,0,0.1287,0.29393,0.17827,0
BSCM-000008,Electronic City,2024-11-06,0,0.01752,0.55321,0.17823,0
BSCM-000034,Whitefield,2024-09-16,0,0.00644,0.5785,0.17806,0
BSCM-000030,Whitefield,2024-12-31,0,0.19139,0.14676,0.178,0
BSCM-000406,Whitefield,2024-11-16,0,0.00678,0.57716,0.1779,0
BSCM-000281,Whitefield,2024-12-13,0,0.03522,0.51044,0.17779,0
BSCM-000250,Rajajinagar,2024-10-11,0,0.00156,0.5889,0.17776,0
BSCM-000067,Electronic City,2024-08-27,0,0.1979,0.13034,0.17764,0
BSCM-000105,Rajajinagar,2024-12-16,0,0.10999,0.33528,0.17758,0
BSCM-000074,Whitefield,2024-08-24,0,0.09982,0.35747,0.17711,0
BSCM-000281,Whitefield,2024-10-10,0,0.02125,0.54059,0.17705,0
BSCM-000204,Rajajinagar,2024-09-26,0,0.02452,0.53201,0.17677,0
BSCM-000266,Marathahalli,2024-12-05,0,0.09027,0.37845,0.17672,0
BSCM-000281,Whitefield,2024-11-08,0,0.03168,0.51459,0.17655,0
BSCM-000010,Jayanagar,2024-08-11,0,0.10488,0.34334,0.17642,0
BSCM-000250,Rajajinagar,2024-09-21,0,0.00906,0.56575,0.17607,0
BSCM-000077,Hebbal,2024-10-10,0,0.16562,0.20024,0.176,0
BSCM-000183,BTM Layout,2024-11-17,0,0.00586,0.57102,0.17541,0
BSCM-000273,Hebbal,2024-08-07,0,0.02005,0.53788,0.1754,0
BSCM-000118,Rajajinagar,2024-10-25,0,0.16948,0.1892,0.17539,0
BSCM-000490,Marathahalli,2024-08-09,0,0.02482,0.52654,0.17534,0
BSCM-000490,Marathahalli,2024-09-04,0,0.01443,0.54966,0.175,0
BSCM-000406,Whitefield,2024-12-15,0,0.00772,0.56484,0.17485,0
BSCM-000034,Whitefield,2024-10-11,0,0.00326,0.57439,0.1746,0
BSCM-000486,Whitefield,2024-11-28,0,0.01982,0.53564,0.17457,0
BSCM-000406,Whitefield,2024-12-06,0,0.00686,0.5658,0.17454,0
BSCM-000281,Whitefield,2024-09-22,0,0.03414,0.50105,0.17421,0
BSCM-000337,Marathahalli,2024-08-13,0,0.00903,0.55862,0.17391,0
